question,ground_truth
"What is machine learning?","Machine learning is a branch of artificial intelligence that enables computers to learn from data and improve performance without explicit programming."
"What is the relationship between AI and machine learning?","Machine learning is a subset of artificial intelligence focused on algorithms that learn from data."
"What is deep learning?","Deep learning is a specialized form of machine learning that uses artificial neural networks modeled after the human brain."
"What is supervised learning?","Supervised learning is a machine learning approach where models are trained using labeled training data."
"What is unsupervised learning?","Unsupervised learning is a machine learning method where algorithms identify patterns in unlabeled data."
"What is reinforcement learning?","Reinforcement learning is a machine learning technique where agents learn through trial and error using rewards."
"What is regression learning?","Regression learning predicts continuous numerical values."
"What is classification learning?","Classification learning predicts categorical labels or classes."
"What programming languages are commonly used in machine learning?","Common programming languages for machine learning include Python, Java, and C++."
"What role does data play in machine learning?","Data is essential in machine learning because algorithms learn patterns and relationships from training data."
"What is predictive analytics?","Predictive analytics uses historical data and machine learning models to forecast future outcomes."
"What is data mining?","Data mining is the process of discovering hidden patterns and knowledge from data."
"What is overfitting in machine learning?","Overfitting occurs when a model learns training data too closely and performs poorly on unseen data."
"What is underfitting?","Underfitting happens when a model cannot capture underlying patterns in the data."
"What is algorithmic bias?","Algorithmic bias occurs when biased training data causes unfair or inaccurate model predictions."
"What is model explainability?","Model explainability refers to understanding and interpreting how machine learning models make decisions."
"What is scalability in machine learning?","Scalability refers to the ability of machine learning systems to handle large datasets and computational demands efficiently."
"What is generative AI?","Generative AI uses machine learning models to generate new content such as text, images, music, or code."
"What is the Turing Test?","The Turing Test is a test proposed by Alan Turing to determine whether a machine can exhibit human-like intelligence."
"Who coined the term machine learning?","Arthur Samuel coined the term machine learning in 1959."
"What industries use machine learning?","Machine learning is used in healthcare, finance, retail, transportation, media, manufacturing, marketing, and many other industries."
"How is machine learning used in healthcare?","Machine learning is used in healthcare for diagnostics, wearable monitoring, disease prediction, and personalized treatment."
"How is machine learning used in finance?","Machine learning is used in finance for fraud detection, credit risk analysis, and investment prediction."
"How does machine learning help retail companies?","Machine learning helps retailers improve customer service, inventory management, and personalized marketing."
"What role does machine learning play in transportation?","Machine learning improves route optimization, predictive maintenance, and autonomous driving."
"What is image recognition?","Image recognition is the ability of machine learning systems to identify objects, faces, or patterns in images."
"What is speech recognition?","Speech recognition is the ability of software to recognize and process spoken language."
"How is machine learning used in manufacturing?","Machine learning supports predictive maintenance, quality control, and process optimization in manufacturing."
"What are autonomous vehicles?","Autonomous vehicles are self-driving cars that use machine learning and sensor data to navigate traffic."
"What are personal assistants in AI?","Personal assistants like Siri and Google Assistant use machine learning for voice understanding and task execution."
"How does machine learning improve gaming?","Machine learning improves gaming by creating adaptive gameplay and intelligent game behavior."
"What is personalization in machine learning?","Personalization uses user data and machine learning to tailor experiences and recommendations."
"What are recommendation systems?","Recommendation systems are algorithms that suggest personalized content or products to users."
"How does Netflix use machine learning?","Netflix uses machine learning to recommend personalized content based on user behavior and preferences."
"How does Spotify use machine learning?","Spotify uses machine learning to recommend music based on listening history and preferences."
"What is content moderation?","Content moderation uses machine learning to detect and remove harmful or inappropriate content."
"How does machine learning help media and entertainment?","Machine learning helps media and entertainment through personalization, content creation, analytics, and automation."
"What is audience analytics?","Audience analytics uses machine learning to analyze viewer behavior and preferences."
"What is market segmentation in media?","Market segmentation groups audiences based on demographics, preferences, and engagement patterns."
"How is machine learning used in film production?","Machine learning assists film production through script analysis, visual effects, and intelligent camera systems."
"How is AI used in video production?","AI improves video production through automation, color correction, personalization, and editing assistance."
"What is AI-generated content?","AI-generated content is media such as text, music, or videos created using artificial intelligence models."
"How does machine learning improve social media?","Machine learning improves social media through personalization, recommendation systems, and harmful content detection."
"What are deepfakes?","Deepfakes are AI-generated synthetic media that can realistically manipulate images, audio, or videos."
"What are the benefits of machine learning automation?","Machine learning automation reduces manual work, improves efficiency, and accelerates data processing."
"What are the challenges of machine learning?","Challenges include data quality, privacy, bias, scalability, explainability, and computational cost."
"What is data privacy in machine learning?","Data privacy involves protecting sensitive user information used by machine learning systems."
"What is predictive maintenance?","Predictive maintenance uses machine learning to predict equipment failures before they occur."
"Why is data quality important in machine learning?","High-quality data improves model accuracy and reliability."
"What is the future of machine learning in entertainment?","The future includes personalized content, AI-driven characters, virtual celebrities, and immersive interactive experiences."